{
  "tokenizers": [
    {
      "paper_style_rank": 1,
      "tokenizer": "morphbpe_trmorph_131072",
      "implementation": "morphbpe",
      "source": "local",
      "model_id": "",
      "vocab_size": 131072,
      "docs": 50000,
      "bytes": 186328421,
      "tokens": 37568218,
      "bytes_per_token": 4.959735407199777,
      "tokens_per_word": 1.6304212940256873,
      "isolated_word_tokens_per_word": 1.602678,
      "single_token_word_rate": 0.507282,
      "long_word_tokens_per_word": 2.194469023626831,
      "morph_edit_distance": 1.004464,
      "morph_edit_distance_norm": 0.6388461119047618,
      "morph_exact_sequence_rate": 0.566558,
      "morph_consistency_precision": 0.9954582108452621,
      "morph_consistency_recall": 0.23376661502679127,
      "morph_consistency_f1": 0.3786129839262685,
      "morph_consistency_clustering": "sklearn_minibatch_kmeans",
      "morph_sample_words": 500000,
      "morph_consistency_words": 50000,
      "boundary_crossed_rate": 0.5351444640446312,
      "crossing_tokens_per_1k_tokens": 157.17993331490996,
      "roundtrip_failure_rate": 0.0,
      "unique_token_rate": 0.9782638549804688,
      "vocab_utf8_decodable_rate": 0.9974973867529356,
      "encode_tokens_per_sec": 3284423.924685701,
      "metrics_path": "docs/tokenizer_tests/tokenizer_metrics/morphbpe_trmorph_131072_metrics.json"
    },
    {
      "paper_style_rank": 2,
      "tokenizer": "morphbpe_zemberek_131072",
      "implementation": "morphbpe",
      "source": "local",
      "model_id": "",
      "vocab_size": 131072,
      "docs": 50000,
      "bytes": 186328421,
      "tokens": 37437943,
      "bytes_per_token": 4.976994088590818,
      "tokens_per_word": 1.6247674955389133,
      "isolated_word_tokens_per_word": 1.602614,
      "single_token_word_rate": 0.501726,
      "long_word_tokens_per_word": 2.173404297468271,
      "morph_edit_distance": 1.085894,
      "morph_edit_distance_norm": 0.6982272119047619,
      "morph_exact_sequence_rate": 0.53804,
      "morph_consistency_precision": 0.9933169421656922,
      "morph_consistency_recall": 0.20005970324055172,
      "morph_consistency_f1": 0.33299329618983103,
      "morph_consistency_clustering": "sklearn_minibatch_kmeans",
      "morph_sample_words": 500000,
      "morph_consistency_words": 50000,
      "boundary_crossed_rate": 0.6586719153020096,
      "crossing_tokens_per_1k_tokens": 162.09635235568365,
      "roundtrip_failure_rate": 0.0,
      "unique_token_rate": 0.975311279296875,
      "vocab_utf8_decodable_rate": 0.9975202765082442,
      "encode_tokens_per_sec": 3350519.151853476,
      "metrics_path": "docs/tokenizer_tests/tokenizer_metrics/morphbpe_zemberek_131072_metrics.json"
    },
    {
      "paper_style_rank": 3,
      "tokenizer": "morphbpe_tdelight_131072",
      "implementation": "morphbpe",
      "source": "local",
      "model_id": "",
      "vocab_size": 131072,
      "docs": 50000,
      "bytes": 186328421,
      "tokens": 34813808,
      "bytes_per_token": 5.352141340010837,
      "tokens_per_word": 1.510882786330771,
      "isolated_word_tokens_per_word": 1.648144,
      "single_token_word_rate": 0.485598,
      "long_word_tokens_per_word": 2.2867113934415406,
      "morph_edit_distance": 1.134508,
      "morph_edit_distance_norm": 0.7436949166666666,
      "morph_exact_sequence_rate": 0.513712,
      "morph_consistency_precision": 0.993327792092473,
      "morph_consistency_recall": 0.248156758233442,
      "morph_consistency_f1": 0.3970825290194192,
      "morph_consistency_clustering": "sklearn_minibatch_kmeans",
      "morph_sample_words": 500000,
      "morph_consistency_words": 50000,
      "boundary_crossed_rate": 0.7811348180245294,
      "crossing_tokens_per_1k_tokens": 225.63282936471643,
      "roundtrip_failure_rate": 0.0,
      "unique_token_rate": 0.9634475708007812,
      "vocab_utf8_decodable_rate": 0.997779693735074,
      "encode_tokens_per_sec": 3271240.7323157056,
      "metrics_path": "docs/tokenizer_tests/tokenizer_metrics/morphbpe_tdelight_131072_metrics.json"
    },
    {
      "paper_style_rank": 4,
      "tokenizer": "morphbpe_trmorph_65536",
      "implementation": "morphbpe",
      "source": "local",
      "model_id": "",
      "vocab_size": 65536,
      "docs": 50000,
      "bytes": 186328421,
      "tokens": 39451341,
      "bytes_per_token": 4.7229933451438315,
      "tokens_per_word": 1.7121468589292324,
      "isolated_word_tokens_per_word": 1.762516,
      "single_token_word_rate": 0.431698,
      "long_word_tokens_per_word": 2.4562527238870033,
      "morph_edit_distance": 1.169736,
      "morph_edit_distance_norm": 0.7982473357142857,
      "morph_exact_sequence_rate": 0.505554,
      "morph_consistency_precision": 0.9919270327206038,
      "morph_consistency_recall": 0.28445533960602765,
      "morph_consistency_f1": 0.44210834284142486,
      "morph_consistency_clustering": "sklearn_minibatch_kmeans",
      "morph_sample_words": 500000,
      "morph_consistency_words": 50000,
      "boundary_crossed_rate": 0.4931293847110936,
      "crossing_tokens_per_1k_tokens": 141.61037010123434,
      "roundtrip_failure_rate": 0.0,
      "unique_token_rate": 0.9925384521484375,
      "vocab_utf8_decodable_rate": 0.9966883879927358,
      "encode_tokens_per_sec": 3659254.6555484207,
      "metrics_path": "docs/tokenizer_tests/tokenizer_metrics/morphbpe_trmorph_65536_metrics.json"
    },
    {
      "paper_style_rank": 5,
      "tokenizer": "morphbpe_zemberek_65536",
      "implementation": "morphbpe",
      "source": "local",
      "model_id": "",
      "vocab_size": 65536,
      "docs": 50000,
      "bytes": 186328421,
      "tokens": 39239621,
      "bytes_per_token": 4.748476571677387,
      "tokens_per_word": 1.702958432787457,
      "isolated_word_tokens_per_word": 1.761646,
      "single_token_word_rate": 0.427794,
      "long_word_tokens_per_word": 2.4254612448658857,
      "morph_edit_distance": 1.2527,
      "morph_edit_distance_norm": 0.8560336071428571,
      "morph_exact_sequence_rate": 0.478154,
      "morph_consistency_precision": 0.9894757748307956,
      "morph_consistency_recall": 0.2308668041316247,
      "morph_consistency_f1": 0.37433179798956906,
      "morph_consistency_clustering": "sklearn_minibatch_kmeans",
      "morph_sample_words": 500000,
      "morph_consistency_words": 50000,
      "boundary_crossed_rate": 0.6245031890417686,
      "crossing_tokens_per_1k_tokens": 149.44063807344114,
      "roundtrip_failure_rate": 0.0,
      "unique_token_rate": 0.9901275634765625,
      "vocab_utf8_decodable_rate": 0.9967036488775619,
      "encode_tokens_per_sec": 3611250.396325094,
      "metrics_path": "docs/tokenizer_tests/tokenizer_metrics/morphbpe_zemberek_65536_metrics.json"
    },
    {
      "paper_style_rank": 6,
      "tokenizer": "bpe_131072",
      "implementation": "bpe",
      "source": "local",
      "model_id": "",
      "vocab_size": 131072,
      "docs": 50000,
      "bytes": 186328421,
      "tokens": 32062818,
      "bytes_per_token": 5.811355102973169,
      "tokens_per_word": 1.3914927030520878,
      "isolated_word_tokens_per_word": 1.637244,
      "single_token_word_rate": 0.495798,
      "long_word_tokens_per_word": 2.2411680027469987,
      "morph_edit_distance": 1.262272,
      "morph_edit_distance_norm": 0.8187511904761905,
      "morph_exact_sequence_rate": 0.470128,
      "morph_consistency_precision": 0.991251140075167,
      "morph_consistency_recall": 0.13733273794677342,
      "morph_consistency_f1": 0.2412106108890037,
      "morph_consistency_clustering": "sklearn_minibatch_kmeans",
      "morph_sample_words": 500000,
      "morph_consistency_words": 50000,
      "boundary_crossed_rate": 0.9345926333115471,
      "crossing_tokens_per_1k_tokens": 251.5979412664227,
      "roundtrip_failure_rate": 0.0,
      "unique_token_rate": 0.993499755859375,
      "vocab_utf8_decodable_rate": 0.9980772605540846,
      "encode_tokens_per_sec": 3133245.0556289763,