{
  "tokenizers": [
    {
      "paper_style_rank": 1,
      "tokenizer": "bpe_131072",
      "implementation": "bpe",
      "source": "local",
      "model_id": "",
      "vocab_size": 131072,
      "docs": 50000,
      "bytes": 186328421,
      "tokens": 32062818,
      "bytes_per_token": 5.811355102973169,
      "tokens_per_word": 1.3914927030520878,
      "isolated_word_tokens_per_word": 1.637244,
      "single_token_word_rate": 0.495798,
      "long_word_tokens_per_word": 2.2411680027469987,
      "morph_edit_distance": 1.262272,
      "morph_edit_distance_norm": 0.8187511904761905,
      "morph_exact_sequence_rate": 0.470128,
      "morph_consistency_precision": 0.991251140075167,
      "morph_consistency_recall": 0.13733273794677342,
      "morph_consistency_f1": 0.2412106108890037,
      "morph_consistency_clustering": "sklearn_minibatch_kmeans",
      "morph_sample_words": 500000,
      "morph_consistency_words": 50000,
      "boundary_crossed_rate": 0.9345926333115471,
      "crossing_tokens_per_1k_tokens": 251.5979412664227,
      "roundtrip_failure_rate": 0.0,
      "unique_token_rate": 0.993499755859375,
      "vocab_utf8_decodable_rate": 0.9980772605540846,
      "encode_tokens_per_sec": 3133245.0556289763,
      "metrics_path": "docs/tokenizer_tests/tokenizer_metrics/bpe_131072_metrics.json"
    },
    {
      "paper_style_rank": 2,
      "tokenizer": "morphbpe_trmorph_32768",
      "implementation": "morphbpe",
      "source": "local",
      "model_id": "",
      "vocab_size": 32768,
      "docs": 50000,
      "bytes": 186328421,
      "tokens": 41858836,
      "bytes_per_token": 4.451352182846174,
      "tokens_per_word": 1.8166296191511937,
      "isolated_word_tokens_per_word": 1.982065,
      "single_token_word_rate": 0.349535,
      "long_word_tokens_per_word": 2.8221001302561706,
      "morph_edit_distance": 1.41259,
      "morph_edit_distance_norm": 1.0165598154761903,
      "morph_exact_sequence_rate": 0.425785,
      "morph_consistency_precision": 0.9865393199683767,
      "morph_consistency_recall": 0.34655160953053754,
      "morph_consistency_f1": 0.5129123011792146,
      "morph_consistency_clustering": "sklearn_minibatch_kmeans",
      "morph_sample_words": 200000,
      "morph_consistency_words": 50000,
      "boundary_crossed_rate": 0.4569405581816658,
      "crossing_tokens_per_1k_tokens": 125.29555289115063,
      "roundtrip_failure_rate": 0.0,
      "unique_token_rate": 0.99615478515625,
      "vocab_utf8_decodable_rate": 0.9947800604414054,
      "encode_tokens_per_sec": 5111946.655944339,
      "metrics_path": "docs/tokenizer_tests/tokenizer_metrics/morphbpe_trmorph_32768_metrics.json"
    },
    {
      "paper_style_rank": 3,
      "tokenizer": "bpe_65536",
      "implementation": "bpe",
      "source": "local",
      "model_id": "",
      "vocab_size": 65536,
      "docs": 50000,
      "bytes": 186328421,
      "tokens": 34230288,
      "bytes_per_token": 5.443378711858925,
      "tokens_per_word": 1.4855586297926602,
      "isolated_word_tokens_per_word": 1.832248,
      "single_token_word_rate": 0.394444,
      "long_word_tokens_per_word": 2.522127867510136,
      "morph_edit_distance": 1.462652,
      "morph_edit_distance_norm": 1.012394276190476,
      "morph_exact_sequence_rate": 0.400406,
      "morph_consistency_precision": 0.980411632548314,
      "morph_consistency_recall": 0.16767755427856162,
      "morph_consistency_f1": 0.2863424253205066,
      "morph_consistency_clustering": "sklearn_minibatch_kmeans",
      "morph_sample_words": 500000,
      "morph_consistency_words": 50000,
      "boundary_crossed_rate": 0.8939082593210955,
      "crossing_tokens_per_1k_tokens": 233.0868206542697,
      "roundtrip_failure_rate": 0.0,
      "unique_token_rate": 0.9971466064453125,
      "vocab_utf8_decodable_rate": 0.9972683016161277,
      "encode_tokens_per_sec": 3238592.7298424314,
      "metrics_path": "docs/tokenizer_tests/tokenizer_metrics/bpe_65536_metrics.json"
    },
    {
      "paper_style_rank": 4,
      "tokenizer": "morphbpe_zemberek_32768",
      "implementation": "morphbpe",
      "source": "local",
      "model_id": "",
      "vocab_size": 32768,
      "docs": 50000,
      "bytes": 186328421,
      "tokens": 41443968,
      "bytes_per_token": 4.495911709033266,
      "tokens_per_word": 1.7986247826851722,
      "isolated_word_tokens_per_word": 1.974805,
      "single_token_word_rate": 0.347935,
      "long_word_tokens_per_word": 2.7805350522694634,
      "morph_edit_distance": 1.4817,
      "morph_edit_distance_norm": 1.060466375,
      "morph_exact_sequence_rate": 0.40398,
      "morph_consistency_precision": 0.9830601592773839,
      "morph_consistency_recall": 0.2799106138291328,
      "morph_consistency_f1": 0.4357018029153973,
      "morph_consistency_clustering": "sklearn_minibatch_kmeans",
      "morph_sample_words": 200000,
      "morph_consistency_words": 50000,
      "boundary_crossed_rate": 0.5906357189204674,
      "crossing_tokens_per_1k_tokens": 138.42851630423033,
      "roundtrip_failure_rate": 0.0,
      "unique_token_rate": 0.9949951171875,
      "vocab_utf8_decodable_rate": 0.9948411123660673,
      "encode_tokens_per_sec": 5075945.930221724,
      "metrics_path": "docs/tokenizer_tests/tokenizer_metrics/morphbpe_zemberek_32768_metrics.json"
    },
    {
      "paper_style_rank": 5,
      "tokenizer": "bpe_32768",
      "implementation": "bpe",
      "source": "local",
      "model_id": "",
      "vocab_size": 32768,
      "docs": 50000,
      "bytes": 186328421,
      "tokens": 37228014,
      "bytes_per_token": 5.005059388878493,
      "tokens_per_word": 1.6156567969203757,
      "isolated_word_tokens_per_word": 2.031165,
      "single_token_word_rate": 0.31892,
      "long_word_tokens_per_word": 2.845947029157343,
      "morph_edit_distance": 1.683605,
      "morph_edit_distance_norm": 1.2083357083333333,
      "morph_exact_sequence_rate": 0.334215,
      "morph_consistency_precision": 0.9629714975548775,
      "morph_consistency_recall": 0.19486674979640622,
      "morph_consistency_f1": 0.3241012879712356,
      "morph_consistency_clustering": "sklearn_minibatch_kmeans",
      "morph_sample_words": 200000,
      "morph_consistency_words": 50000,
      "boundary_crossed_rate": 0.839476437606808,
      "crossing_tokens_per_1k_tokens": 210.3500605753506,
      "roundtrip_failure_rate": 0.0,
      "unique_token_rate": 0.997039794921875,
      "vocab_utf8_decodable_rate": 0.9950547941023841,
      "encode_tokens_per_sec": 4922600.546424218,
      "metrics_path": "docs/tokenizer_tests/tokenizer_metrics/bpe_32768_metrics.json"
    }
  ]
}