{
  "tokenizers": [
    {
      "tokenizer": "bpe_32768",
      "implementation": "bpe",
      "docs": 50000,
      "bytes": 186328421,
      "tokens": 37228014,
      "bytes_per_token": 5.005059388878493,
      "tokens_per_word": 1.6156567969203757,
      "isolated_word_tokens_per_word": 2.0472,
      "single_token_word_rate": 0.310544,
      "long_word_tokens_per_word": 2.8417174025013536,
      "boundary_crossed_rate": 0.839476437606808,
      "crossing_tokens_per_1k_tokens": 210.3500605753506,
      "roundtrip_failure_rate": 0.0,
      "unique_token_rate": 0.997039794921875,
      "vocab_utf8_decodable_rate": 0.9950547941023841,
      "encode_tokens_per_sec": 12127686.110053983,
      "metrics_path": "docs/tokenizer_tests/tokenizer_metrics/bpe_32768_metrics.json"
    },
    {
      "tokenizer": "morphbpe_trmorph_32768",
      "implementation": "morphbpe",
      "docs": 50000,
      "bytes": 186328421,
      "tokens": 41858836,
      "bytes_per_token": 4.451352182846174,
      "tokens_per_word": 1.8166296191511937,
      "isolated_word_tokens_per_word": 1.989042,
      "single_token_word_rate": 0.340868,
      "long_word_tokens_per_word": 2.804646125807261,
      "boundary_crossed_rate": 0.4569405581816658,
      "crossing_tokens_per_1k_tokens": 125.29555289115063,
      "roundtrip_failure_rate": 0.0,
      "unique_token_rate": 0.99615478515625,
      "vocab_utf8_decodable_rate": 0.9947800604414054,
      "encode_tokens_per_sec": 13419183.780844903,
      "metrics_path": "docs/tokenizer_tests/tokenizer_metrics/morphbpe_trmorph_32768_metrics.json"
    },
    {
      "tokenizer": "morphbpe_zemberek_32768",
      "implementation": "morphbpe",
      "docs": 50000,
      "bytes": 186328421,
      "tokens": 41443968,
      "bytes_per_token": 4.495911709033266,
      "tokens_per_word": 1.7986247826851722,
      "isolated_word_tokens_per_word": 1.98103,
      "single_token_word_rate": 0.340608,
      "long_word_tokens_per_word": 2.7639429997754856,
      "boundary_crossed_rate": 0.5906357189204674,
      "crossing_tokens_per_1k_tokens": 138.42851630423033,
      "roundtrip_failure_rate": 0.0,
      "unique_token_rate": 0.9949951171875,
      "vocab_utf8_decodable_rate": 0.9948411123660673,
      "encode_tokens_per_sec": 1472567.15477262,
      "metrics_path": "docs/tokenizer_tests/tokenizer_metrics/morphbpe_zemberek_32768_metrics.json"
    },
    {
      "tokenizer": "kumru_2b",
      "implementation": "bpe",
      "docs": 50000,
      "bytes": 186328421,
      "tokens": 38427427,
      "bytes_per_token": 4.848839371941296,
      "tokens_per_word": 1.6677100642734142,
      "isolated_word_tokens_per_word": 1.680358,
      "single_token_word_rate": 0.500314,
      "long_word_tokens_per_word": 2.1696601909692417,
      "boundary_crossed_rate": 0.7745495225192506,
      "crossing_tokens_per_1k_tokens": 189.93577165601016,
      "roundtrip_failure_rate": 0.0,
      "unique_token_rate": 0.9880620216836735,
      "vocab_utf8_decodable_rate": 1.0,
      "encode_tokens_per_sec": 818251.4123272991,
      "metrics_path": "docs/tokenizer_tests/tokenizer_metrics/kumru_2b_metrics.json"
    },
    {
      "tokenizer": "berturk_cased",
      "implementation": "wordpiece",
      "docs": 50000,
      "bytes": 186328421,
      "tokens": 36609010,
      "bytes_per_token": 5.0896875113530795,
      "tokens_per_word": 1.5887926719654184,
      "isolated_word_tokens_per_word": 1.420052,
      "single_token_word_rate": 0.700338,
      "long_word_tokens_per_word": 1.8625047874377634,
      "boundary_crossed_rate": 0.8045195503665559,
      "crossing_tokens_per_1k_tokens": 205.01152585114977,
      "roundtrip_failure_rate": 0.99292,
      "unique_token_rate": 0.955375,
      "vocab_utf8_decodable_rate": 1.0,
      "encode_tokens_per_sec": 863344.9339691404,
      "metrics_path": "docs/tokenizer_tests/tokenizer_metrics/berturk_cased_metrics.json"
    },
    {
      "tokenizer": "cosmos_turkish_gpt2",
      "implementation": "bpe",
      "docs": 50000,
      "bytes": 186328421,
      "tokens": 35875345,
      "bytes_per_token": 5.193773634790133,
      "tokens_per_word": 1.5569523797620097,
      "isolated_word_tokens_per_word": 1.883608,
      "single_token_word_rate": 0.373974,
      "long_word_tokens_per_word": 2.6115506015663175,
      "boundary_crossed_rate": 0.8693898028574475,
      "crossing_tokens_per_1k_tokens": 220.6238574151691,
      "roundtrip_failure_rate": 0.0,
      "unique_token_rate": 0.9912847961478003,
      "vocab_utf8_decodable_rate": 1.0,
      "encode_tokens_per_sec": 681476.3535918744,
      "metrics_path": "docs/tokenizer_tests/tokenizer_metrics/cosmos_turkish_gpt2_metrics.json"
    },
    {
      "tokenizer": "turna",
      "implementation": "unigram",
      "docs": 50000,
      "bytes": 186328421,
      "tokens": 35952018,
      "bytes_per_token": 5.18269714373196,
      "tokens_per_word": 1.5602799076175187,
      "isolated_word_tokens_per_word": 1.396592,
      "single_token_word_rate": 0.718082,
      "long_word_tokens_per_word": 1.795824033597908,
      "boundary_crossed_rate": 0.8014989617759631,
      "crossing_tokens_per_1k_tokens": 203.42043108678905,
      "roundtrip_failure_rate": 0.95214,
      "unique_token_rate": 0.9955140186915887,
      "vocab_utf8_decodable_rate": 1.0,
      "encode_tokens_per_sec": 540987.5863967732,
      "metrics_path": "docs/tokenizer_tests/tokenizer_metrics/turna_metrics.json"
    },
    {
      "tokenizer": "vbart_large_base",
      "implementation": "unigram",
      "docs": 50000,
      "bytes": 186328421,
      "tokens": 35952025,
      "bytes_per_token": 5.182696134640539,
      "tokens_per_word": 1.5602802114101835,
      "isolated_word_tokens_per_word": 1.396592,
      "single_token_word_rate": 0.718082,
      "long_word_tokens_per_word": 1.795824033597908,
      "boundary_crossed_rate": 0.8014989617759631,
      "crossing_tokens_per_1k_tokens": 203.42039148003485,
      "roundtrip_failure_rate": 0.95214,
      "unique_token_rate": 0.9986562919908752,
      "vocab_utf8_decodable_rate": 1.0,
      "encode_tokens_per_sec": 579817.5446074072,
      "metrics_path": "docs/tokenizer_tests/tokenizer_metrics/vbart_large_base_metrics.json"
    }
  ]
}