{
  "tokenizers": [
    {
      "paper_style_rank": 1,
      "tokenizer": "kumru_2b",
      "implementation": "bpe",
      "source": "huggingface",
      "model_id": "vngrs-ai/Kumru-2B",
      "vocab_size": 50176,
      "docs": 50000,
      "bytes": 186328421,
      "tokens": 38427427,
      "bytes_per_token": 4.848839371941296,
      "tokens_per_word": 1.6677100642734142,
      "isolated_word_tokens_per_word": 1.664765,
      "single_token_word_rate": 0.50862,
      "long_word_tokens_per_word": 2.169800607862129,
      "morph_edit_distance": 1.35002,
      "morph_edit_distance_norm": 0.9194776785714286,
      "morph_exact_sequence_rate": 0.451485,
      "morph_consistency_precision": 0.9892875845787774,
      "morph_consistency_recall": 0.20793704354818465,
      "morph_consistency_f1": 0.34358263830611685,
      "morph_consistency_clustering": "sklearn_minibatch_kmeans",
      "morph_sample_words": 200000,
      "morph_consistency_words": 50000,
      "boundary_crossed_rate": 0.7745495225192506,
      "crossing_tokens_per_1k_tokens": 189.93577165601016,
      "roundtrip_failure_rate": 0.0,
      "unique_token_rate": 0.9880620216836735,
      "vocab_utf8_decodable_rate": 1.0,
      "encode_tokens_per_sec": 414496.18340343726,
      "metrics_path": "docs/tokenizer_tests/tokenizer_metrics/kumru_2b_metrics.json"
    },
    {
      "paper_style_rank": 2,
      "tokenizer": "morphbpe_trmorph_32768",
      "implementation": "morphbpe",
      "source": "local",
      "model_id": "",
      "vocab_size": 32768,
      "docs": 50000,
      "bytes": 186328421,
      "tokens": 41858836,
      "bytes_per_token": 4.451352182846174,
      "tokens_per_word": 1.8166296191511937,
      "isolated_word_tokens_per_word": 1.982065,
      "single_token_word_rate": 0.349535,
      "long_word_tokens_per_word": 2.8221001302561706,
      "morph_edit_distance": 1.41259,
      "morph_edit_distance_norm": 1.0165598154761903,
      "morph_exact_sequence_rate": 0.425785,
      "morph_consistency_precision": 0.9865393199683767,
      "morph_consistency_recall": 0.34655160953053754,
      "morph_consistency_f1": 0.5129123011792146,
      "morph_consistency_clustering": "sklearn_minibatch_kmeans",
      "morph_sample_words": 200000,
      "morph_consistency_words": 50000,
      "boundary_crossed_rate": 0.4569405581816658,
      "crossing_tokens_per_1k_tokens": 125.29555289115063,
      "roundtrip_failure_rate": 0.0,
      "unique_token_rate": 0.99615478515625,
      "vocab_utf8_decodable_rate": 0.9947800604414054,
      "encode_tokens_per_sec": 5111946.655944339,
      "metrics_path": "docs/tokenizer_tests/tokenizer_metrics/morphbpe_trmorph_32768_metrics.json"
    },
    {
      "paper_style_rank": 3,
      "tokenizer": "morphbpe_zemberek_32768",
      "implementation": "morphbpe",
      "source": "local",
      "model_id": "",
      "vocab_size": 32768,
      "docs": 50000,
      "bytes": 186328421,
      "tokens": 41443968,
      "bytes_per_token": 4.495911709033266,
      "tokens_per_word": 1.7986247826851722,
      "isolated_word_tokens_per_word": 1.974805,
      "single_token_word_rate": 0.347935,
      "long_word_tokens_per_word": 2.7805350522694634,
      "morph_edit_distance": 1.4817,
      "morph_edit_distance_norm": 1.060466375,
      "morph_exact_sequence_rate": 0.40398,
      "morph_consistency_precision": 0.9830601592773839,
      "morph_consistency_recall": 0.2799106138291328,
      "morph_consistency_f1": 0.4357018029153973,
      "morph_consistency_clustering": "sklearn_minibatch_kmeans",
      "morph_sample_words": 200000,
      "morph_consistency_words": 50000,
      "boundary_crossed_rate": 0.5906357189204674,
      "crossing_tokens_per_1k_tokens": 138.42851630423033,
      "roundtrip_failure_rate": 0.0,
      "unique_token_rate": 0.9949951171875,
      "vocab_utf8_decodable_rate": 0.9948411123660673,
      "encode_tokens_per_sec": 5075945.930221724,
      "metrics_path": "docs/tokenizer_tests/tokenizer_metrics/morphbpe_zemberek_32768_metrics.json"
    },
    {
      "paper_style_rank": 4,
      "tokenizer": "cosmos_turkish_gpt2",
      "implementation": "bpe",
      "source": "huggingface",
      "model_id": "ytu-ce-cosmos/turkish-gpt2",
      "vocab_size": 50257,
      "docs": 50000,
      "bytes": 186328421,
      "tokens": 35875345,
      "bytes_per_token": 5.193773634790133,
      "tokens_per_word": 1.5569523797620097,
      "isolated_word_tokens_per_word": 1.86778,
      "single_token_word_rate": 0.38466,
      "long_word_tokens_per_word": 2.612905380581811,
      "morph_edit_distance": 1.483935,
      "morph_edit_distance_norm": 1.03090875,
      "morph_exact_sequence_rate": 0.39645,
      "morph_consistency_precision": 0.9767659652279663,
      "morph_consistency_recall": 0.17734122385617637,
      "morph_consistency_f1": 0.30013730244640824,
      "morph_consistency_clustering": "sklearn_minibatch_kmeans",
      "morph_sample_words": 200000,
      "morph_consistency_words": 50000,
      "boundary_crossed_rate": 0.8693898028574475,
      "crossing_tokens_per_1k_tokens": 220.6238574151691,
      "roundtrip_failure_rate": 0.0,
      "unique_token_rate": 0.9912847961478003,
      "vocab_utf8_decodable_rate": 1.0,
      "encode_tokens_per_sec": 364037.5344400533,
      "metrics_path": "docs/tokenizer_tests/tokenizer_metrics/cosmos_turkish_gpt2_metrics.json"
    },
    {
      "paper_style_rank": 5,
      "tokenizer": "bpe_32768",
      "implementation": "bpe",
      "source": "local",
      "model_id": "",
      "vocab_size": 32768,
      "docs": 50000,
      "bytes": 186328421,
      "tokens": 37228014,
      "bytes_per_token": 5.005059388878493,
      "tokens_per_word": 1.6156567969203757,
      "isolated_word_tokens_per_word": 2.031165,
      "single_token_word_rate": 0.31892,
      "long_word_tokens_per_word": 2.845947029157343,
      "morph_edit_distance": 1.683605,
      "morph_edit_distance_norm": 1.2083357083333333,
      "morph_exact_sequence_rate": 0.334215,
      "morph_consistency_precision": 0.9629714975548775,
      "morph_consistency_recall": 0.19486674979640622,
      "morph_consistency_f1": 0.3241012879712356,
      "morph_consistency_clustering": "sklearn_minibatch_kmeans",
      "morph_sample_words": 200000,
      "morph_consistency_words": 50000,
      "boundary_crossed_rate": 0.839476437606808,
      "crossing_tokens_per_1k_tokens": 210.3500605753506,
      "roundtrip_failure_rate": 0.0,
      "unique_token_rate": 0.997039794921875,
      "vocab_utf8_decodable_rate": 0.9950547941023841,
      "encode_tokens_per_sec": 4922600.546424218,
      "metrics_path": "docs/tokenizer_tests/tokenizer_metrics/bpe_32768_metrics.json"
    }
  ]
}